PRODUCTLINE,TotalSales
Motorcycles,116738.31
Vintage Cars,199436.24
Ships,15146.83
Trucks and Buses,120698.5
Classic Cars,379958.2299999999
Trains,7530.65
Planes,63772.09000000001
